Source,Target,Weight
0,1,0.8679007912805661
0,2,0.9105960794969328
0,3,0.4337833328309446
0,6,0.8658696173893412
0,10,0.24313898895804945
1,3,0.15115338391566996
1,10,0.43051657072463956
2,4,0.9175400383603369
2,5,0.8947501670404429
2,6,0.7492584228451564
2,9,0.9256444785241427
3,4,0.6079349283395442
3,5,0.34020054925784626
3,7,0.2730178385844392
3,8,0.5442042872906585
5,7,0.8408733768630803
6,8,0.9087446655204737
6,9,0.5718940311827474
6,11,0.5039537031168679
8,11,0.7997660071898501
